Book,Section Number,Start Chapter,Start Verse,Start Sub-verse,Start OGNTsort,End Chapter,End Verse,End Sub-verse,End OGNTsort,Note
"Mt",1,1,1,"","000001",1,16,"","000246",""
"Mt",2,1,17,"","000247",1,17,"","000275",""
"Mt",3,1,18,"","000276",1,18,"","000301",""
"Mt",4,1,19,"","000302",2,4,"","000503",""
"Mt",5,2,5,"","000504",2,6,"","000541",""
"Mt",6,2,7,"","000542",2,23,"","000893",""
"Mt",7,3,1,"","000894",3,2,"","000917",""
"Mt",8,3,3,"","000918",3,3,"","000941",""
"Mt",9,3,4,"","000942",3,6,"","000995",""
"Mt",10,3,7,"","000996",3,10,"","001072",""
"Mt",11,3,11,"","001073",3,11,"","001103",""
"Mt",12,3,12,"","001104",3,12,"","001129",""
"Mt",13,3,13,"","001130",3,15,"","001183",""
"Mt",14,3,16,"","001184",3,17,"","001228",""
"Mt",15,4,1,"","001229",4,1,"","001242",""
"Mt",16,4,2,"","001243",4,10,"","001400",""
"Mt",17,4,11,"","001401",4,11,"","001412",""
"Mt",18,4,12,"","001413",4,12,"","001421",""
"Mt",19,4,13,"","001422",4,16,"","001478",""
"Mt",20,4,17,"","001479",4,18,"","001520",""
"Mt",21,4,19,"","001521",4,20,"","001539",""
"Mt",22,4,21,"","001540",4,22,"","001582",""
"Mt",23,4,23,"","001583",4,25,"","001657",""
"Mt",24,5,1,"","001658",5,1,"","001673",""
"Mt",25,5,2,"","001674",5,3,"","001693",""
"Mt",26,5,5,"","001700",5,5,"","001707","section 27V is before 26X"
"Mt",27,5,4,"","001694",5,4,"","001699","section 27V is before 26X"
"Mt",28,5,6,"","001708",5,6,"","001717",""
"Mt",29,5,7,"","001718",5,10,"","001753",""
"Mt",30,5,11,"","001754",5,12,"","001788",""
"Mt",31,5,13,"","001789",5,13,"","001814",""
"Mt",32,5,14,"","001815",5,16,"","001870",""
"Mt",33,5,17,"","001871",5,17,"","001885",""
"Mt",34,5,18,"","001886",5,18,"","001912",""
"Mt",35,5,19,"","001913",5,24,"","002066",""
"Mt",36,5,25,"","002067",5,26,"","002109",""
"Mt",37,5,27,"","002110",5,39,"A","002333",""
"Mt",38,5,39,"B","002334",5,40,"","002362",""
"Mt",39,5,41,"","002363",5,43,"","002396",""
"Mt",40,5,44,"","002397",5,45,"","002434",""
"Mt",41,5,46,"","002435",5,48,"","002479",""
"Mt",42,6,1,"","002480",6,6,"","002637",""
"Mt",43,6,7,"","002638",6,13,"","002730",""
"Mt",44,6,14,"","002731",6,15,"","002760",""
"Mt",45,6,16,"","002761",6,19,"","002841",""
"Mt",46,6,20,"","002842",6,21,"","002872",""
"Mt",47,6,22,"","002873",6,23,"","002917",""
"Mt",48,6,24,"","002918",6,24,"","002944",""
"Mt",49,6,25,"","002945",6,34,"","003132",""
"Mt",50,7,1,"","003133",7,2,"","003150",""
"Mt",51,7,3,"","003151",7,5,"","003214",""
"Mt",52,7,6,"","003215",7,6,"","003239",""
"Mt",53,7,7,"","003240",7,11,"","003313",""
"Mt",54,7,12,"","003314",7,12,"","003336",""
"Mt",55,7,13,"","003337",7,14,"","003380",""
"Mt",56,7,15,"","003381",7,16,"A","003402",""
"Mt",57,7,16,"B","003403",7,16,"B","003411",""
"Mt",58,7,17,"","003412",7,20,"","003457",""
"Mt",59,7,21,"","003458",7,21,"","003482",""
"Mt",60,7,22,"","003483",7,23,"","003524",""
"Mt",61,7,24,"","003525",7,27,"","003619",""
"Mt",62,7,28,"","003620",7,29,"","003648",""
"Mt",63,8,1,"","003649",8,4,"","003710",""
"Mt",64,8,5,"","003711",8,10,"","003814",""
"Mt",65,8,11,"","003815",8,12,"","003857","Nestle-Aland places 65V one line lower"
"Mt",66,8,13,"","003858",8,13,"","003877",""
"Mt",67,8,14,"","003878",8,18,"","003955",""
"Mt",68,8,19,"","003956",8,22,"","004025",""
"Mt",69,8,23,"","004026",8,34,"","004233",""
"Mt",70,9,1,"","004234",9,8,"","004359",""
"Mt",71,9,9,"","004360",9,9,"","004381",""
"Mt",72,9,10,"","004382",9,11,"","004421",""
"Mt",73,9,12,"","004422",9,17,"","004557",""
"Mt",74,9,18,"","004558",9,26,"","004695",""
"Mt",75,9,27,"","004696",9,34,"","004809",""
"Mt",76,9,35,"","004810",9,35,"","004837",""
"Mt",77,9,36,"","004838",9,36,"","004854",""
"Mt",78,9,37,"","004855",9,38,"","004880",""
"Mt",79,10,1,"","004881",10,1,"","004901",""
"Mt",80,10,2,"","004902",10,4,"","004954",""
"Mt",81,10,5,"","004955",10,6,"","004984",""
"Mt",82,10,7,"","004985",10,10,"","005035",""
"Mt",83,10,11,"","005036",10,11,"","005054",""
"Mt",84,10,12,"","005055",10,13,"","005085",""
"Mt",85,10,14,"","005086",10,15,"","005126",""
"Mt",86,10,16,"","005127",10,16,"","005146",""
"Mt",87,10,17,"","005147",10,18,"","005178",""
"Mt",88,10,19,"","005179",10,22,"","005246",""
"Mt",89,10,23,"","005247",10,23,"","005276",""
"Mt",90,10,24,"","005277",10,25,"A","005304",""
"Mt",91,10,25,"B","005305",10,26,"A","005318",""
"Mt",92,10,26,"B","005319",10,26,"B","005330",""
"Mt",93,10,27,"","005331",10,32,"","005432",""
"Mt",94,10,33,"","005433",10,33,"","005451",""
"Mt",95,10,34,"","005452",10,36,"","005493",""
"Mt",96,10,37,"","005494",10,38,"","005531",""
"Mt",97,10,39,"","005532",10,39,"","005548",""
"Mt",98,10,40,"","005549",10,40,"","005561",""
"Mt",99,10,41,"","005562",10,41,"","005580",""
"Mt",100,10,42,"","005581",10,42,"","005603",""
"Mt",101,11,1,"","005604",11,1,"","005624",""
"Mt",102,11,2,"","005625",11,9,"","005738",""
"Mt",103,11,10,"","005739",11,10,"","005759",""
"Mt",104,11,11,"","005760",11,11,"","005782",""
"Mt",105,11,12,"","005783",11,13,"","005810",""
"Mt",106,11,14,"","005811",11,15,"","005824",""
"Mt",107,11,16,"","005825",11,19,"","005889",""
"Mt",108,11,20,"","005890",11,23,"B","005953",""
"Mt",109,11,23,"C","005954",11,24,"","005982",""
"Mt",110,11,25,"","005983",11,26,"","006019",""
"Mt",111,11,27,"A","006020",11,27,"A","006026",""
"Mt",112,11,27,"B","006027",11,27,"B","006051",""
"Mt",113,11,28,"","006052",11,30,"","006096",""
"Mt",114,12,1,"","006097",12,4,"","006179",""
"Mt",115,12,5,"","006180",12,8,"","006232",""
"Mt",116,12,9,"","006233",12,13,"","006311",""
"Mt",117,12,14,"","006312",12,14,"","006328",""
"Mt",118,12,15,"","006329",12,21,"","006415",""
"Mt",119,12,22,"","006416",12,22,"","006431",""
"Mt",120,12,23,"","006432",12,23,"","006444",""
"Mt",121,12,24,"","006445",12,24,"","006462",""
"Mt",122,12,25,"","006463",12,30,"","006580",""
"Mt",123,12,31,"","006581",12,32,"","006631",""
"Mt",124,12,33,"","006632",12,34,"","006675",""
"Mt",125,12,35,"","006676",12,35,"","006694",""
"Mt",126,12,36,"","006695",12,37,"","006724",""
"Mt",127,12,38,"","006725",12,38,"","006739",""
"Mt",128,12,39,"","006740",12,42,"","006845",""
"Mt",129,12,43,"","006846",12,45,"","006912",""
"Mt",130,12,46,"","006913",12,50,"","007002",""
"Mt",131,13,1,"","007003",13,11,"","007164",""
"Mt",132,13,12,"","007165",13,12,"","007181",""
"Mt",133,13,13,"","007182",13,15,"","007252",""
"Mt",134,13,16,"","007253",13,17,"","007288",""
"Mt",135,13,18,"","007289",13,23,"","007416",""
"Mt",136,13,24,"","007417",13,30,"","007553",""
"Mt",137,13,31,"","007554",13,32,"","007603",""
"Mt",138,13,33,"","007604",13,33,"","007626",""
"Mt",139,13,34,"","007627",13,35,"","007660",""
"Mt",140,13,36,"","007661",13,53,"","007982",""
"Mt",141,13,54,"","007983",13,56,"","008045",""
"Mt",142,13,57,"","008046",13,58,"","008078",""
"Mt",143,14,1,"","008079",14,2,"","008112",""
"Mt",144,14,3,"","008113",14,5,"","008154",""
"Mt",145,14,6,"","008155",14,12,"","008250",""
"Mt",146,14,13,"","008251",14,14,"","008287",""
"Mt",147,14,15,"","008288",14,21,"","008407",""
"Mt",148,14,22,"","008408",14,22,"","008427",""
"Mt",149,14,23,"A","008428",14,23,"A","008438",""
"Mt",150,14,23,"B","008439",14,27,"","008506",""
"Mt",151,14,28,"","008507",14,31,"","008574",""
"Mt",152,14,32,"","008575",14,34,"","008603",""
"Mt",153,14,35,"","008604",14,36,"","008639",""
"Mt",154,15,1,"","008640",15,11,"","008795",""
"Mt",155,15,12,"","008796",15,13,"","008824",""
"Mt",156,15,14,"","008825",15,14,"","008839",""
"Mt",157,15,15,"","008840",15,23,"","008970",""
"Mt",158,15,24,"","008971",15,24,"","008985",""
"Mt",159,15,25,"","008986",15,28,"","009056",""
"Mt",160,15,29,"","009057",15,39,"","009248",""
"Mt",161,16,1,"","009249",16,1,"","009263",""
"Mt",162,16,2,"","009264",16,3,"","009299",""
"Mt",163,16,4,"","009300",16,4,"","009319",""
"Mt",164,16,5,"","009320",16,6,"","009344",""
"Mt",165,16,7,"","009345",16,12,"","009428",""
"Mt",166,16,13,"","009429",16,16,"","009493",""
"Mt",167,16,17,"","009494",16,19,"","009573",""
"Mt",168,16,20,"","009574",16,21,"","009617",""
"Mt",169,16,22,"","009618",16,23,"","009657",""
"Mt",170,16,24,"","009658",16,26,"","009723",""
"Mt",171,16,27,"","009724",16,27,"","009748",""
"Mt",172,16,28,"","009749",17,9,"","009942",""
"Mt",173,17,10,"","009943",17,13,"","010006",""
"Mt",174,17,14,"","010007",17,18,"","010092",""
"Mt",175,17,19,"","010093",17,21,"","010139","Mt 17:21 not in most mss per Nestle-Aland"
"Mt",176,17,22,"","010140",17,23,"","010169",""
"Mt",177,17,24,"","010170",17,27,"","010270",""
"Mt",178,18,1,"","010271",18,5,"","010348",""
"Mt",179,18,6,"","010349",18,7,"","010397",""
"Mt",180,18,8,"","010398",18,9,"","010468",""
"Mt",181,18,10,"","010469",18,11,"","010495","Mt 18:11 not in most mss per Nestle-Aland"
"Mt",182,18,12,"","010496",18,14,"","010560",""
"Mt",183,18,15,"","010561",18,15,"","010583",""
"Mt",184,18,16,"","010584",18,17,"","010625",""
"Mt",185,18,18,"","010626",18,18,"","010649",""
"Mt",186,18,19,"","010650",18,20,"","010693",""
"Mt",187,18,21,"","010694",18,22,"","010725",""
"Mt",188,18,23,"","010726",18,35,"","010938",""
"Mt",189,19,1,"","010939",19,8,"","011074",""
"Mt",190,19,9,"","011075",19,9,"","011091",""
"Mt",191,19,10,"","011092",19,12,"","011154",""
"Mt",192,19,13,"","011155",19,15,"","011199",""
"Mt",193,19,16,"","011200",19,20,"","011276",""
"Mt",194,19,21,"","011277",19,21,"","011302",""
"Mt",195,19,22,"","011303",19,27,"","011397",""
"Mt",196,19,28,"A","011398",19,28,"A","011423",""
"Mt",197,19,28,"B","011424",19,28,"B","011435",""
"Mt",198,19,29,"","011436",19,29,"","011462",""
"Mt",199,19,30,"","011463",19,30,"","011470",""
"Mt",200,20,1,"","011471",20,16,"","011712",""
"Mt",201,20,17,"","011713",20,19,"","011765",""
"Mt",202,20,20,"","011766",20,23,"","011860",""
"Mt",203,20,24,"","011861",20,27,"","011915",""
"Mt",204,20,28,"","011916",20,28,"","011933",""
"Mt",205,20,29,"","011934",20,34,"","012012",""
"Mt",206,21,1,"","012013",21,3,"","012069",""
"Mt",207,21,4,"","012070",21,5,"","012100",""
"Mt",208,21,6,"","012101",21,8,"","012150",""
"Mt",209,21,9,"","012151",21,9,"","012175",""
"Mt",210,21,10,"","012176",21,11,"","012202",""
"Mt",211,21,12,"","012203",21,13,"","012247",""
"Mt",212,21,14,"","012248",21,14,"","012259",""
"Mt",213,21,15,"","012260",21,16,"","012308",""
"Mt",214,21,17,"","012309",21,20,"","012373",""
"Mt",215,21,21,"","012374",21,21,"","012407",""
"Mt",216,21,22,"","012408",21,22,"","012417",""
"Mt",217,21,23,"","012418",21,27,"","012533",""
"Mt",218,21,28,"","012534",21,32,"","012639",""
"Mt",219,21,33,"","012640",21,44,"","012850",""
"Mt",220,21,45,"","012851",21,46,"","012877",""
"Mt",221,22,1,"","012878",22,10,"","013038",""
"Mt",222,22,11,"","013039",22,14,"","013100",""
"Mt",223,22,15,"","013101",22,33,"","013378",""
"Mt",224,22,34,"","013379",22,40,"","013460",""
"Mt",225,22,41,"","013461",22,45,"","013522",""
"Mt",226,22,46,"","013523",22,46,"","013538",""
"Mt",227,23,1,"","013539",23,3,"","013580",""
"Mt",228,23,4,"","013581",23,4,"","013602",""
"Mt",229,23,5,"","013603",23,7,"","013647",""
"Mt",230,23,8,"","013648",23,11,"","013696",""
"Mt",231,23,12,"","013697",23,12,"","013706",""
"Mt",232,23,13,"","013707",23,14,"","013731","Mt 23:14 not in most mss per Nestle-Aland"
"Mt",233,23,15,"","013732",23,22,"","013876",""
"Mt",234,23,23,"","013877",23,23,"","013913",""
"Mt",235,23,24,"","013914",23,24,"","013923",""
"Mt",236,23,25,"","013924",23,26,"","013960",""
"Mt",237,23,27,"","013961",23,28,"","013999",""
"Mt",238,23,29,"","014000",23,32,"","014055",""
"Mt",239,23,33,"","014056",23,33,"","014065",""
"Mt",240,23,34,"","014066",23,36,"","014137",""
"Mt",241,23,37,"","014138",23,39,"","014193",""
"Mt",242,24,1,"","014194",24,2,"","014234",""
"Mt",243,24,3,"","014235",24,8,"","014330",""
"Mt",244,24,9,"","014331",24,9,"","014349",""
"Mt",245,24,10,"","014350",24,13,"","014384",""
"Mt",246,24,14,"","014385",24,14,"","014405",""
"Mt",247,24,15,"","014406",24,16,"","014434",""
"Mt",248,24,17,"","014435",24,18,"","014458",""
"Mt",249,24,19,"","014459",24,19,"","014471",""
"Mt",250,24,20,"","014472",24,20,"","014482",""
"Mt",251,24,21,"","014483",24,21,"","014500",""
"Mt",252,24,22,"","014501",24,22,"","014520",""
"Mt",253,24,23,"","014521",24,23,"","014533",""
"Mt",254,24,24,"","014534",24,24,"","014551",""
"Mt",255,24,25,"","014552",24,26,"","014571",""
"Mt",256,24,27,"","014572",24,27,"","014590",""
"Mt",257,24,28,"","014591",24,28,"","014599",""
"Mt",258,24,29,"","014600",24,30,"A","014642",""
"Mt",259,24,30,"B","014643",24,35,"","014755",""
"Mt",260,24,36,"","014756",24,36,"","014777",""
"Mt",261,24,37,"","014778",24,39,"","014835",""
"Mt",262,24,40,"","014836",24,41,"","014856",""
"Mt",263,24,42,"","014857",24,42,"","014867",""
"Mt",264,24,43,"","014868",24,44,"","014906",""
"Mt",265,24,45,"","014907",24,45,"","014929",""
"Mt",266,24,46,"","014930",24,47,"","014952",""
"Mt",267,24,48,"","014953",24,51,"","015017",""
"Mt",268,25,1,"","015018",25,13,"","015188",""
"Mt",269,25,14,"","015189",25,14,"","015202",""
"Mt",270,25,15,"","015203",25,28,"","015454",""
"Mt",271,25,29,"","015455",25,29,"","015471",""
"Mt",272,25,30,"","015472",25,30,"","015490",""
"Mt",273,25,31,"","015491",26,1,"","015784",""
"Mt",274,26,2,"","015785",26,2,"","015801",""
"Mt",275,26,3,"","015802",26,5,"","015840",""
"Mt",276,26,6,"","015841",26,11,"","015913",""
"Mt",277,26,12,"","015914",26,13,"","015949",""
"Mt",278,26,14,"","015950",26,19,"","016045",""
"Mt",279,26,20,"","016046",26,21,"","016065",""
"Mt",280,26,22,"","016066",26,22,"","016077",""
"Mt",281,26,23,"","016078",26,24,"A","016115",""
"Mt",282,26,24,"B","016116",26,24,"B","016124",""
"Mt",283,26,25,"","016125",26,25,"","016139",""
"Mt",284,26,26,"","016140",26,26,"","016161",""
"Mt",285,26,27,"","016162",26,29,"","016218",""
"Mt",286,26,30,"","016219",26,30,"","016226",""
"Mt",287,26,31,"A","016227",26,31,"A","016242",""
"Mt",288,26,31,"B","016243",26,32,"","016261",""
"Mt",289,26,33,"","016262",26,34,"","016293",""
"Mt",290,26,35,"","016294",26,35,"","016313",""
"Mt",291,26,36,"A","016314",26,36,"A","016323",""
"Mt",292,26,36,"B","016324",26,37,"","016347",""
"Mt",293,26,38,"","016348",26,38,"","016363",""
"Mt",294,26,39,"AB","016364",26,39,"AB","016384",""
"Mt",295,26,39,"C","016385",26,39,"C","016392",""
"Mt",296,26,40,"","016393",26,41,"A","016421",""
"Mt",297,26,41,"B","016422",26,41,"B","016429",""
"Mt",298,26,42,"","016430",26,44,"","016475",""
"Mt",299,26,45,"","016476",26,46,"","016508",""
"Mt",300,26,47,"","016509",26,47,"","016534",""
"Mt",301,26,48,"","016535",26,50,"","016580",""
"Mt",302,26,51,"","016581",26,52,"A","016616",""
"Mt",303,26,52,"B","016617",26,54,"","016650",""
"Mt",304,26,55,"","016651",26,55,"","016680",""
"Mt",305,26,56,"","016681",26,56,"","016697",""
"Mt",306,26,57,"","016698",26,57,"","016714",""
"Mt",307,26,58,"","016715",26,58,"","016736",""
"Mt",308,26,59,"","016737",26,60,"A","016757",""
"Mt",309,26,60,"B","016758",26,64,"A","016821",""
"Mt",310,26,64,"B","016822",26,64,"B","016843",""
"Mt",311,26,65,"A","016844",26,65,"A","016852",""
"Mt",312,26,65,"B","016853",26,66,"","016872",""
"Mt",313,26,67,"","016873",26,68,"","016893",""
"Mt",314,26,69,"","016894",26,70,"","016924",""
"Mt",315,26,71,"","016925",26,74,"","016989",""
"Mt",316,26,75,"","016990",26,75,"","017009",""
"Mt",317,27,1,"","017010",27,1,"","017028",""
"Mt",318,27,2,"","017029",27,2,"","017037",""
"Mt",319,27,3,"","017038",27,10,"","017155",""
"Mt",320,27,11,"","017156",27,11,"","017180",""
"Mt",321,27,12,"","017181",27,14,"","017215",""
"Mt",322,27,15,"","017216",27,15,"","017228",""
"Mt",323,27,16,"","017229",27,18,"","017262",""
"Mt",324,27,19,"","017263",27,19,"","017289",""
"Mt",325,27,20,"","017290",27,21,"","017324",""
"Mt",326,27,22,"","017325",27,23,"","017351",""
"Mt",327,27,24,"","017352",27,25,"","017395",""
"Mt",328,27,26,"","017396",27,26,"","017407",""
"Mt",329,27,27,"","017408",27,29,"","017458",""
"Mt",330,27,30,"","017459",27,31,"","017491",""
"Mt",331,27,32,"","017492",27,32,"","017505",""
"Mt",332,27,33,"","017506",27,33,"","017516",""
"Mt",333,27,34,"","017517",27,34,"","017528",""
"Mt",334,27,35,"","017529",27,36,"","017542",""
"Mt",335,27,37,"","017543",27,37,"","017559",""
"Mt",336,27,38,"","017560",27,38,"","017572",""
"Mt",337,27,39,"","017573",27,40,"","017604",""
"Mt",338,27,41,"","017605",27,43,"","017648",""
"Mt",339,27,44,"","017649",27,44,"","017660",""
"Mt",340,27,45,"","017661",27,45,"","017673",""
"Mt",341,27,46,"","017674",27,47,"","017708",""
"Mt",342,27,48,"","017709",27,49,"","017736",""
"Mt",343,27,50,"","017737",27,50,"","017746",""
"Mt",344,27,51,"A","017747",27,51,"A","017759",""
"Mt",345,27,51,"B","017760",27,53,"","017795",""
"Mt",346,27,54,"","017796",27,54,"","017819",""
"Mt",347,27,55,"","017820",27,56,"","017856",""
"Mt",348,27,57,"","017857",27,58,"","017886",""
"Mt",349,27,59,"","017887",27,60,"","017919",""
"Mt",350,27,61,"","017920",27,61,"","017933",""
"Mt",351,27,62,"","017934",27,66,"","018017",""
"Mt",352,28,1,"","018018",28,4,"","018082",""
"Mt",353,28,5,"","018083",28,7,"","018137",""
"Mt",354,28,8,"","018138",28,8,"","018153",""
"Mt",355,28,9,"","018154",28,20,"","018346",""
"Mk",1,1,1,"","018347",1,2,"","018373",""
"Mk",2,1,3,"","018374",1,3,"","018387",""
"Mk",3,1,4,"","018388",1,7,"A","018448",""
"Mk",4,1,7,"B","018449",1,8,"","018476",""
"Mk",5,1,9,"","018477",1,11,"","018529",""
"Mk",6,1,12,"","018530",1,13,"B","018554",""
"Mk",7,1,13,"C","018555",1,13,"C","018559",""
"Mk",8,1,14,"A","018560",1,14,"A","018571",""
"Mk",9,1,14,"B","018572",1,16,"","018615",""
"Mk",10,1,17,"","018616",1,18,"","018636",""
"Mk",11,1,19,"","018637",1,20,"","018676",""
"Mk",12,1,21,"","018677",1,21,"","018689",""
"Mk",13,1,22,"","018690",1,22,"","018707",""
"Mk",14,1,23,"","018708",1,28,"","018800",""
"Mk",15,1,29,"","018801",1,34,"A","018877",""
"Mk",16,1,34,"BC","018878",1,34,"BC","018890",""
"Mk",17,1,35,"","018891",1,39,"","018953",""
"Mk",18,1,40,"","018954",1,44,"","019023",""
"Mk",19,1,45,"","019024",1,45,"","019052",""
"Mk",20,2,1,"","019053",2,12,"","019248",""
"Mk",21,2,13,"","019249",2,14,"","019284",""
"Mk",22,2,15,"","019285",2,16,"","019334",""
"Mk",23,2,17,"","019335",2,22,"","019486",""
"Mk",24,2,23,"","019487",2,26,"","019568",""
"Mk",25,2,27,"","019569",3,5,"","019674",""
"Mk",26,3,6,"","019675",3,7,"A","019700",""
"Mk",27,3,7,"B","019701",3,11,"A","019773",""
"Mk",28,3,11,"B","019774",3,12,"","019792",""
"Mk",29,3,13,"","019793",3,16,"A","019832",""
"Mk",30,3,16,"B","019833",3,19,"","019886",""
"Mk",31,3,20,"","019887",3,21,"","019914",""
"Mk",32,3,22,"","019915",3,22,"","019935",""
"Mk",33,3,23,"","019936",3,27,"","020012",""
"Mk",34,3,28,"","020013",3,30,"","020055",""
"Mk",35,3,31,"","020056",3,35,"","020140",""
"Mk",36,4,1,"","020141",4,11,"B","020317",""
"Mk",37,4,11,"C","020318",4,13,"","020357",""
"Mk",38,4,14,"","020358",4,20,"","020488",""
"Mk",39,4,21,"","020489",4,21,"","020510",""
"Mk",40,4,22,"","020511",4,23,"","020532",""
"Mk",41,4,24,"","020533",4,24,"","020547",""
"Mk",42,4,25,"","020548",4,25,"","020562",""
"Mk",43,4,26,"","020563",4,29,"","020622",""
"Mk",44,4,30,"","020623",4,32,"","020679",""
"Mk",45,4,33,"","020680",4,34,"A","020696",""
"Mk",46,4,34,"B","020697",4,34,"B","020704",""
"Mk",47,4,35,"","020705",5,17,"","021091",""
"Mk",48,5,18,"","021092",5,20,"","021147",""
"Mk",49,5,21,"","021148",5,43,"","021520",""
"Mk",50,6,1,"","021521",6,3,"","021598",""
"Mk",51,6,4,"","021599",6,6,"A","021645",""
"Mk",52,6,6,"B","021646",6,6,"B","021651",""
"Mk",53,6,7,"","021652",6,9,"","021698",""
"Mk",54,6,10,"","021699",6,10,"","021712",""
"Mk",55,6,11,"","021713",6,11,"","021735",""
"Mk",56,6,12,"","021736",6,13,"","021751",""
"Mk",57,6,14,"","021752",6,14,"","021779",""
"Mk",58,6,15,"","021780",6,16,"","021805",""
"Mk",59,6,17,"","021806",6,17,"","021829",""
"Mk",60,6,18,"","021830",6,29,"","022053",""
"Mk",61,6,30,"","022054",6,30,"","022069",""
"Mk",62,6,31,"","022070",6,31,"","022095",""
"Mk",63,6,32,"","022096",6,34,"","022144",""
"Mk",64,6,35,"","022145",6,44,"","022290",""
"Mk",65,6,45,"","022291",6,45,"","022312",""
"Mk",66,6,46,"","022313",6,46,"","022320",""
"Mk",67,6,47,"","022321",6,50,"","022399",""
"Mk",68,6,51,"","022400",6,53,"","022439",""
"Mk",69,6,54,"","022440",6,56,"","022501",""
"Mk",70,7,1,"","022502",7,4,"","022572",""
"Mk",71,7,5,"","022573",7,16,"","022758","Mk 7:16 not in most mss per Nestle-Aland"
"Mk",72,7,17,"","022759",7,26,"A","022908",""
"Mk",73,7,26,"B","022909",7,30,"","022991",""
"Mk",74,7,31,"","022992",7,36,"A","023082",""
"Mk",75,7,36,"B","023083",7,37,"A","023094",""
"Mk",76,7,37,"B","023095",8,10,"","023252",""
"Mk",77,8,11,"","023253",8,11,"","023269",""
"Mk",78,8,12,"","023270",8,14,"","023315",""
"Mk",79,8,15,"","023316",8,15,"","023330",""
"Mk",80,8,16,"","023331",8,21,"","023405",""
"Mk",81,8,22,"","023406",8,26,"","023485",""
"Mk",82,8,27,"","023486",8,29,"A","023543",""
"Mk",83,8,29,"B","023544",8,32,"A","023595",""
"Mk",84,8,32,"B","023596",8,33,"","023629",""
"Mk",85,8,34,"","023630",8,37,"","023700",""
"Mk",86,8,38,"","023701",8,38,"","023737",""
"Mk",87,9,1,"","023738",9,9,"","023908",""
"Mk",88,9,10,"","023909",9,10,"","023921",""
"Mk",89,9,11,"","023922",9,13,"","023973",""
"Mk",90,9,14,"","023974",9,16,"","024007",""
"Mk",91,9,17,"","024008",9,27,"","024211",""
"Mk",92,9,28,"","024212",9,29,"","024243",""
"Mk",93,9,30,"","024244",9,32,"","024290",""
"Mk",94,9,33,"","024291",9,33,"","024306",""
"Mk",95,9,34,"","024307",9,37,"A","024363",""
"Mk",96,9,37,"B","024364",9,37,"B","024375",""
"Mk",97,9,38,"","024376",9,40,"","024426",""
"Mk",98,9,41,"","024427",9,41,"","024448",""
"Mk",99,9,42,"","024449",9,42,"","024477",""
"Mk",100,9,43,"","024478",9,47,"","024561","Mk 9:44 and 9:46 not in most mss per Nestle-Aland"
"Mk",101,9,48,"","024562",9,49,"","024576",""
"Mk",102,9,50,"","024577",9,50,"","024597",""
"Mk",103,10,1,"","024598",10,9,"","024714",""
"Mk",104,10,10,"","024715",10,10,"","024725",""
"Mk",105,10,11,"","024726",10,12,"","024750",""
"Mk",106,10,13,"","024751",10,16,"","024814",""
"Mk",107,10,17,"","024815",10,21,"A","024891",""
"Mk",108,10,21,"B","024892",10,21,"B","024911",""
"Mk",109,10,22,"","024912",10,28,"","025027",""
"Mk",110,10,29,"","025028",10,30,"","025086",""
"Mk",111,10,31,"","025087",10,31,"","025095",""
"Mk",112,10,32,"","025096",10,34,"","025168",""
"Mk",113,10,35,"","025169",10,40,"","025279",""
"Mk",114,10,41,"","025280",10,44,"","025339",""
"Mk",115,10,45,"","025340",10,45,"","025358",""
"Mk",116,10,46,"","025359",10,52,"","025481",""
"Mk",117,11,1,"","025482",11,3,"","025548",""
"Mk",118,11,4,"","025549",11,8,"","025619",""
"Mk",119,11,9,"","025620",11,10,"","025645",""
"Mk",120,11,11,"","025646",11,15,"A","025725",""
"Mk",121,11,15,"B","025726",11,17,"","025786",""
"Mk",122,11,18,"","025787",11,18,"","025810",""
"Mk",123,11,19,"","025811",11,21,"","025840",""
"Mk",124,11,22,"","025841",11,23,"","025880",""
"Mk",125,11,24,"","025881",11,24,"","025895",""
"Mk",126,11,25,"","025896",11,26,"","025919","Mk 11:26 not in most mss per Nestle-Aland"
"Mk",127,11,27,"","025920",11,33,"","026044",""
"Mk",128,12,1,"","026045",12,11,"","026206",""
"Mk",129,12,12,"","026207",12,12,"","026226",""
"Mk",130,12,13,"","026227",12,27,"","026503",""
"Mk",131,12,28,"","026504",12,31,"","026581",""
"Mk",132,12,32,"","026582",12,34,"A","026650",""
"Mk",133,12,34,"B","026651",12,34,"B","026656",""
"Mk",134,12,35,"","026657",12,37,"","026719",""
"Mk",135,12,38,"","026720",12,39,"","026749",""
"Mk",136,12,40,"","026750",12,44,"","026838",""
"Mk",137,13,1,"","026839",13,2,"","026878",""
"Mk",138,13,3,"","026879",13,8,"","026971",""
"Mk",139,13,9,"","026972",13,9,"","026994",""
"Mk",140,13,10,"","026995",13,10,"","027004",""
"Mk",141,13,11,"","027005",13,13,"","027068",""
"Mk",142,13,14,"A","027069",13,14,"A","027082",""
"Mk",143,13,14,"B","027083",13,16,"","027120",""
"Mk",144,13,17,"","027121",13,17,"","027133",""
"Mk",145,13,18,"","027134",13,18,"","027139",""
"Mk",146,13,19,"","027140",13,19,"","027163",""
"Mk",147,13,20,"","027164",13,20,"","027184",""
"Mk",148,13,21,"","027185",13,21,"","027198",""
"Mk",149,13,22,"","027199",13,23,"","027221",""
"Mk",150,13,24,"","027222",13,25,"","027257",""
"Mk",151,13,26,"","027258",13,31,"","027357",""
"Mk",152,13,32,"","027358",13,32,"","027379",""
"Mk",153,13,33,"","027380",13,33,"","027388",""
"Mk",154,13,34,"","027389",13,34,"","027412",""
"Mk",155,13,35,"","027413",13,37,"","027444",""
"Mk",156,14,1,"A","027445",14,1,"A","027454",""
"Mk",157,14,1,"B","027455",14,2,"","027478",""
"Mk",158,14,3,"","027479",14,7,"","027570",""
"Mk",159,14,8,"","027571",14,9,"","027602",""
"Mk",160,14,10,"","027603",14,16,"","027731",""
"Mk",161,14,17,"","027732",14,18,"","027759",""
"Mk",162,14,19,"","027760",14,19,"","027769",""
"Mk",163,14,20,"","027770",14,21,"A","027806",""
"Mk",164,14,21,"B","027807",14,21,"B","027814",""
"Mk",165,14,22,"","027815",14,22,"","027832",""
"Mk",166,14,23,"","027833",14,25,"","027883",""
"Mk",167,14,26,"","027884",14,27,"A","027896",""
"Mk",168,14,27,"B","027897",14,27,"B","027901",""
"Mk",169,14,27,"C","027902",14,28,"","027918",""
"Mk",170,14,29,"","027919",14,30,"","027952",""
"Mk",171,14,31,"","027953",14,31,"","027970",""
"Mk",172,14,32,"A","027971",14,32,"A","027978",""
"Mk",173,14,32,"B","027979",14,33,"","028004",""
"Mk",174,14,34,"","028005",14,34,"","028018",""
"Mk",175,14,35,"","028019",14,36,"B","028050",""
"Mk",176,14,36,"C","028051",14,36,"C","028058",""
"Mk",177,14,37,"","028059",14,38,"A","028083",""
"Mk",178,14,38,"B","028084",14,38,"B","028091",""
"Mk",179,14,39,"","028092",14,40,"","028117",""
"Mk",180,14,41,"","028118",14,42,"","028151",""
"Mk",181,14,43,"","028152",14,43,"","028178",""
"Mk",182,14,44,"","028179",14,46,"","028215",""
"Mk",183,14,47,"","028216",14,47,"","028233",""
"Mk",184,14,48,"","028234",14,49,"A","028262",""
"Mk",185,14,49,"B","028263",14,50,"","028272",""
"Mk",186,14,51,"","028273",14,52,"","028291",""
"Mk",187,14,53,"","028292",14,53,"","028309",""
"Mk",188,14,54,"","028310",14,54,"","028334",""
"Mk",189,14,55,"","028335",14,56,"","028364",""
"Mk",190,14,57,"","028365",14,61,"","028439",""
"Mk",191,14,62,"","028440",14,62,"","028463",""
"Mk",192,14,63,"A","028464",14,63,"A","028471",""
"Mk",193,14,63,"B","028472",14,64,"","028490",""
"Mk",194,14,65,"","028491",14,65,"","028513",""
"Mk",195,14,66,"","028514",14,68,"A","028554",""
"Mk",196,14,68,"B","028555",14,72,"A","028619",""
"Mk",197,14,72,"BC","028620",14,72,"BC","028641",""
"Mk",198,15,1,"A","028642",15,1,"A","028657",""
"Mk",199,15,1,"B","028658",15,1,"B","028664",""
"Mk",200,15,2,"","028665",15,2,"","028682",""
"Mk",201,15,3,"","028683",15,5,"","028712",""
"Mk",202,15,6,"","028713",15,6,"","028721",""
"Mk",203,15,7,"","028722",15,10,"","028767",""
"Mk",204,15,11,"","028768",15,11,"","028779",""
"Mk",205,15,12,"","028780",15,14,"","028817",""
"Mk",206,15,15,"","028818",15,15,"","028837",""
"Mk",207,15,16,"","028838",15,19,"","028886",""
"Mk",208,15,20,"","028887",15,20,"","028906",""
"Mk",209,15,21,"","028907",15,21,"","028925",""
"Mk",210,15,22,"","028926",15,22,"","028937",""
"Mk",211,15,23,"","028938",15,23,"","028946",""
"Mk",212,15,24,"","028947",15,24,"","028961",""
"Mk",213,15,25,"","028962",15,25,"","028968",""
"Mk",214,15,26,"","028969",15,26,"","028980",""
"Mk",215,15,27,"","028981",15,27,"","028994",""
"Mk",216,15,28,"","028995",15,28,"","028994","Mk 15:28 not in most mss per Nestle-Aland"
"Mk",217,15,29,"","028995",15,30,"","029021",""
"Mk",218,15,31,"","029022",15,32,"A","029052",""
"Mk",219,15,32,"B","029053",15,32,"B","029059",""
"Mk",220,15,33,"","029060",15,33,"","029072",""
"Mk",221,15,34,"","029073",15,35,"","029107",""
"Mk",222,15,36,"","029108",15,36,"","029126",""
"Mk",223,15,37,"","029127",15,37,"","029133",""
"Mk",224,15,38,"","029134",15,38,"","029145",""
"Mk",225,15,39,"","029146",15,39,"","029165",""
"Mk",226,15,40,"","029166",15,41,"","029208",""
"Mk",227,15,42,"","029209",15,45,"","029271",""
"Mk",228,15,46,"","029272",15,46,"","029297",""
"Mk",229,15,47,"","029298",15,47,"","029309",""
"Mk",230,16,1,"","029310",16,1,"","029329",""
"Mk",231,16,2,"","029330",16,5,"","029384",""
"Mk",232,16,6,"","029385",16,7,"","029427",""
"Mk",233,16,8,"","029428",16,8,"","029445",""
"Mk",234,16,9,"","029446",16,9,"","029460","LONG ENDING: no tables given."
"Mk",235,16,10,"","029461",16,11,"","029479","LONG ENDING: no tables given."
"Mk",236,16,12,"","029480",16,13,"","029501","LONG ENDING: no tables given."
"Mk",237,16,14,"","029502",16,14,"","029522","LONG ENDING: no tables given."
"Mk",238,16,15,"","029523",16,16,"","029545","LONG ENDING: no tables given."
"Mk",239,16,17,"","029546",16,18,"","029581","LONG ENDING: no tables given."
"Mk",240,16,19,"","029582",16,19,"","029600","LONG ENDING: no tables given."
"Mk",241,16,20,"","029601",16,20,"","029650","LONG ENDING: no tables given."
"Lk",1,1,1,"","029651",1,34,"","030205",""
"Lk",2,1,35,"","030206",1,35,"","030229",""
"Lk",3,1,36,"","030230",2,46,"","031582",""
"Lk",4,2,47,"","031583",2,48,"A","031599",""
"Lk",5,2,48,"B","031600",2,52,"","031685",""
"Lk",6,3,1,"","031686",3,2,"","031735",""
"Lk",7,3,3,"","031736",3,6,"","031800",""
"Lk",8,3,7,"","031801",3,9,"","031872",""
"Lk",9,3,10,"","031873",3,16,"A","031969",""
"Lk",10,3,16,"B","031970",3,16,"E","031997",""
"Lk",11,3,17,"","031998",3,18,"","032031",""
"Lk",12,3,19,"","032032",3,20,"","032065",""
"Lk",13,3,21,"","032066",3,22,"","032108",""
"Lk",14,3,23,"","032109",3,38,"","032273",""
"Lk",15,4,1,"","032274",4,2,"A","032296",""
"Lk",16,4,2,"B","032297",4,13,"","032476",""
"Lk",17,4,14,"","032477",4,15,"","032507",""
"Lk",18,4,16,"","032508",4,21,"","032607",""
"Lk",19,4,22,"","032608",4,22,"","032631",""
"Lk",20,4,23,"","032632",4,23,"","032657",""
"Lk",21,4,24,"","032658",4,24,"","032671",""
"Lk",22,4,25,"","032672",4,30,"","032778",""
"Lk",23,4,31,"","032779",4,31,"","032792",""
"Lk",24,4,32,"","032793",4,32,"","032805",""
"Lk",25,4,33,"","032806",4,37,"","032897",""
"Lk",26,4,38,"","032898",4,40,"","032959",""
"Lk",27,4,41,"","032960",4,41,"","032987",""
"Lk",28,4,42,"","032988",4,44,"","033041",""
"Lk",29,5,1,"","033042",5,3,"","033104",""
"Lk",30,5,4,"","033105",5,7,"","033176",""
"Lk",31,5,8,"","033177",5,10,"A","033222",""
"Lk",32,5,10,"B","033223",5,11,"","033248",""
"Lk",33,5,12,"","033249",5,14,"","033319",""
"Lk",34,5,15,"","033320",5,15,"","033337",""
"Lk",35,5,16,"","033338",5,16,"","033346",""
"Lk",36,5,17,"","033347",5,17,"","033382",""
"Lk",37,5,18,"","033383",5,26,"","033559",""
"Lk",38,5,27,"","033560",5,28,"","033583",""
"Lk",39,5,29,"","033584",5,30,"","033628",""
"Lk",40,5,31,"","033629",5,39,"","033795",""
"Lk",41,6,1,"","033796",6,5,"","033887",""
"Lk",42,6,6,"","033888",6,11,"","034002",""
"Lk",43,6,12,"","034003",6,12,"","034022",""
"Lk",44,6,13,"","034023",6,16,"","034078",""
"Lk",45,6,17,"","034079",6,19,"","034140",""
"Lk",46,6,20,"","034141",6,20,"","034161",""
"Lk",47,6,21,"A","034162",6,21,"A","034167",""
"Lk",48,6,21,"B","034168",6,21,"B","034173",""
"Lk",49,6,22,"","034174",6,23,"","034224",""
"Lk",50,6,24,"","034225",6,25,"","034249",""
"Lk",51,6,26,"","034250",6,26,"","034267",""
"Lk",52,6,27,"","034268",6,28,"","034290",""
"Lk",53,6,29,"","034291",6,30,"","034324",""
"Lk",54,6,31,"","034325",6,31,"","034335",""
"Lk",55,6,32,"","034336",6,35,"","034419",""
"Lk",56,6,36,"","034420",6,38,"","034465",""
"Lk",57,6,39,"","034466",6,39,"","034480",""
"Lk",58,6,40,"","034481",6,40,"","034494",""
"Lk",59,6,41,"","034495",6,42,"","034563",""
"Lk",60,6,43,"","034564",6,44,"A","034586",""
"Lk",61,6,44,"B","034587",6,44,"B","034597",""
"Lk",62,6,45,"","034598",6,45,"","034626",""
"Lk",63,6,46,"","034627",6,46,"","034637",""
"Lk",64,6,47,"","034638",6,49,"","034720",""
"Lk",65,7,1,"","034721",7,9,"","034895",""
"Lk",66,7,10,"","034896",7,10,"","034906",""
"Lk",67,7,11,"","034907",7,16,"","035017",""
"Lk",68,7,17,"","035018",7,17,"","035032",""
"Lk",69,7,18,"","035033",7,26,"","035189",""
"Lk",70,7,27,"","035190",7,27,"","035209",""
"Lk",71,7,28,"","035210",7,28,"","035229",""
"Lk",72,7,29,"","035230",7,30,"","035261",""
"Lk",73,7,31,"","035262",7,35,"","035337",""
"Lk",74,7,36,"","035338",7,50,"","035610",""
"Lk",75,8,1,"","035611",8,3,"","035672",""
"Lk",76,8,4,"","035673",8,10,"A","035785",""
"Lk",77,8,10,"B","035786",8,10,"B","035798",""
"Lk",78,8,11,"","035799",8,15,"","035907",""
"Lk",79,8,16,"","035908",8,16,"","035928",""
"Lk",80,8,17,"","035929",8,17,"","035946",""
"Lk",81,8,18,"","035947",8,18,"","035968",""
"Lk",82,8,19,"","035969",8,21,"","036022",""
"Lk",83,8,22,"","036023",8,37,"A","036362",""
"Lk",84,8,37,"B","036363",8,39,"","036409",""
"Lk",85,8,40,"","036410",8,56,"","036696",""
"Lk",86,9,1,"","036697",9,2,"","036724",""
"Lk",87,9,3,"","036725",9,4,"","036757",""
"Lk",88,9,5,"","036758",9,5,"","036779",""
"Lk",89,9,6,"","036780",9,6,"","036789",""
"Lk",90,9,7,"","036790",9,9,"","036841",""
"Lk",91,9,10,"A","036842",9,10,"A","036849",""
"Lk",92,9,10,"B","036850",9,11,"","036881",""
"Lk",93,9,12,"","036882",9,17,"","037005",""
"Lk",94,9,18,"","037006",9,20,"","037063",""
"Lk",95,9,21,"","037064",9,22,"","037096",""
"Lk",96,9,23,"","037097",9,25,"","037153",""
"Lk",97,9,26,"","037154",9,26,"","037181",""
"Lk",98,9,27,"","037182",9,36,"","037380",""
"Lk",99,9,37,"","037381",9,42,"","037496",""
"Lk",100,9,43,"A","037497",9,43,"A","037504",""
"Lk",101,9,43,"B","037505",9,45,"","037558",""
"Lk",102,9,46,"","037559",9,48,"","037618",""
"Lk",103,9,49,"","037619",9,50,"","037656",""
"Lk",104,9,51,"","037657",9,56,"","037730",""
"Lk",105,9,57,"","037731",9,60,"","037807",""
"Lk",106,9,61,"","037808",9,62,"","037847",""
"Lk",107,10,1,"","037848",10,1,"","037874",""
"Lk",108,10,2,"","037875",10,2,"","037899",""
"Lk",109,10,3,"","037900",10,3,"","037908",""
"Lk",110,10,4,"","037909",10,4,"","037921",""
"Lk",111,10,5,"","037922",10,6,"","037952",""
"Lk",112,10,7,"A","037953",10,7,"A","037971",""
"Lk",113,10,7,"B","037972",10,9,"","038006",""
"Lk",114,10,10,"","038007",10,12,"","038060",""
"Lk",115,10,13,"","038061",10,15,"","038109",""
"Lk",116,10,16,"","038110",10,16,"","038128",""
"Lk",117,10,17,"","038129",10,20,"","038202",""
"Lk",118,10,21,"","038203",10,21,"","038243",""
"Lk",119,10,22,"","038244",10,22,"","038277",""
"Lk",120,10,23,"","038278",10,24,"","038315",""
"Lk",121,10,25,"","038316",10,28,"","038388",""
"Lk",122,10,29,"","038389",10,42,"","038634",""
"Lk",123,11,1,"","038635",11,4,"","038708",""
"Lk",124,11,5,"","038709",11,8,"","038794",""
"Lk",125,11,9,"","038795",11,13,"","038869",""
"Lk",126,11,14,"","038870",11,14,"","038889",""
"Lk",127,11,15,"","038890",11,15,"","038903",""
"Lk",128,11,16,"","038904",11,16,"","038912",""
"Lk",129,11,17,"","038913",11,23,"","039037",""
"Lk",130,11,24,"","039038",11,26,"","039092",""
"Lk",131,11,27,"","039093",11,28,"","039131",""
"Lk",132,11,29,"","039132",11,32,"","039227",""
"Lk",133,11,33,"","039228",11,33,"","039247",""
"Lk",134,11,34,"","039248",11,36,"","039310",""
"Lk",135,11,37,"","039311",11,41,"","039383",""
"Lk",136,11,42,"","039384",11,42,"","039414",""
"Lk",137,11,43,"","039415",11,43,"","039431",""
"Lk",138,11,44,"","039432",11,44,"","039448",""
"Lk",139,11,45,"","039449",11,46,"","039485",""
"Lk",140,11,47,"","039486",11,48,"","039517",""
"Lk",141,11,49,"","039518",11,51,"","039575",""
"Lk",142,11,52,"","039576",11,52,"","039592",""
"Lk",143,11,53,"","039593",12,1,"B","039633",""
"Lk",144,12,1,"C","039634",12,1,"C","039643",""
"Lk",145,12,2,"","039644",12,8,"","039776",""
"Lk",146,12,9,"","039777",12,9,"","039789",""
"Lk",147,12,10,"","039790",12,10,"","039810",""
"Lk",148,12,11,"","039811",12,12,"","039845",""
"Lk",149,12,13,"","039846",12,21,"","039993",""
"Lk",150,12,22,"","039994",12,31,"","040154",""
"Lk",151,12,32,"","040155",12,32,"","040168",""
"Lk",152,12,33,"A","040169",12,33,"A","040175",""
"Lk",153,12,33,"B","040176",12,34,"","040204",""
"Lk",154,12,35,"","040205",12,36,"","040233",""
"Lk",155,12,37,"","040234",12,38,"","040271",""
"Lk",156,12,39,"","040272",12,40,"","040305",""
"Lk",157,12,41,"","040306",12,44,"","040369",""
"Lk",158,12,45,"","040370",12,46,"","040426",""
"Lk",159,12,47,"","040427",12,48,"","040474",""
"Lk",160,12,49,"","040475",12,53,"","040554",""
"Lk",161,12,54,"","040555",12,57,"","040611",""
"Lk",162,12,58,"","040612",12,59,"","040660",""
"Lk",163,13,1,"","040661",13,5,"","040746",""
"Lk",164,13,6,"","040747",13,13,"","040883",""
"Lk",165,13,14,"","040884",13,16,"","040967",""
"Lk",166,13,17,"","040968",13,17,"","040989",""
"Lk",167,13,18,"","040990",13,19,"","041029",""
"Lk",168,13,20,"","041030",13,21,"","041053",""
"Lk",169,13,22,"","041054",13,22,"","041065",""
"Lk",170,13,23,"","041066",13,24,"","041094",""
"Lk",171,13,25,"","041095",13,28,"A","041163",""
"Lk",172,13,28,"B","041164",13,29,"","041201",""
"Lk",173,13,30,"","041202",13,30,"","041214",""
"Lk",174,13,31,"","041215",13,33,"","041270",""
"Lk",175,13,34,"","041271",13,35,"","041323",""
"Lk",176,14,1,"","041324",14,4,"","041378",""
"Lk",177,14,5,"","041379",14,6,"","041405",""
"Lk",178,14,7,"","041406",14,10,"","041487",""
"Lk",179,14,11,"","041488",14,11,"","041498",""
"Lk",180,14,12,"","041499",14,15,"","041576",""
"Lk",181,14,16,"","041577",14,24,"","041739",""
"Lk",182,14,25,"","041740",14,27,"","041801",""
"Lk",183,14,28,"","041802",14,32,"","041885",""
"Lk",184,14,33,"","041886",14,33,"","041902",""
"Lk",185,14,34,"","041903",14,35,"","041931",""
"Lk",186,15,1,"","041932",15,2,"","041959",""
"Lk",187,15,3,"","041960",15,7,"","042048",""
"Lk",188,15,8,"","042049",15,9,"","042087",""
"Lk",189,15,10,"","042088",15,10,"","042101",""
"Lk",190,15,11,"","042102",16,12,"","042726",""
"Lk",191,16,13,"","042727",16,13,"","042754",""
"Lk",192,16,14,"","042755",16,15,"","042792",""
"Lk",193,16,16,"","042793",16,16,"","042811",""
"Lk",194,16,17,"","042812",16,17,"","042826",""
"Lk",195,16,18,"","042827",16,18,"","042843",""
"Lk",196,16,19,"","042844",16,31,"","043087",""
"Lk",197,17,1,"","043088",17,2,"","043127",""
"Lk",198,17,3,"AB","043128",17,3,"AB","043136",""
"Lk",199,17,3,"C","043137",17,4,"","043158",""
"Lk",200,17,5,"","043159",17,6,"","043192",""
"Lk",201,17,7,"","043193",17,19,"","043377",""
"Lk",202,17,20,"","043378",17,21,"","043415",""
"Lk",203,17,22,"","043416",17,22,"","043435",""
"Lk",204,17,23,"","043436",17,23,"","043447",""
"Lk",205,17,24,"","043448",17,24,"","043472",""
"Lk",206,17,25,"","043473",17,25,"","043484",""
"Lk",207,17,26,"","043485",17,27,"","043520",""
"Lk",208,17,28,"","043521",17,30,"","043560",""
"Lk",209,17,31,"","043561",17,31,"","043590",""
"Lk",210,17,32,"","043591",17,32,"","043594",""
"Lk",211,17,33,"","043595",17,33,"","043609",""
"Lk",212,17,34,"","043610",17,36,"","043639","Lk 17:36 not in most mss per Nestle-Aland"
"Lk",213,17,37,"","043640",17,37,"","043657",""
"Lk",214,18,1,"","043658",18,14,"A","043901",""
"Lk",215,18,14,"B","043902",18,14,"B","043912",""
"Lk",216,18,15,"","043913",18,16,"","043951",""
"Lk",217,18,17,"","043952",18,17,"","043969",""
"Lk",218,18,18,"","043970",18,21,"","044024",""
"Lk",219,18,22,"","044025",18,22,"","044051",""
"Lk",220,18,23,"","044052",18,28,"","044128",""
"Lk",221,18,29,"","044129",18,30,"","044171",""
"Lk",222,18,31,"","044172",18,33,"","044214",""
"Lk",223,18,34,"","044215",18,34,"","044232",""
"Lk",224,18,35,"","044233",18,43,"","044340",""
"Lk",225,19,1,"","044341",19,9,"","044476",""
"Lk",226,19,10,"","044477",19,10,"","044487",""
"Lk",227,19,11,"","044488",19,11,"","044511",""
"Lk",228,19,12,"","044512",19,12,"","044525",""
"Lk",229,19,13,"","044526",19,25,"","044731",""
"Lk",230,19,26,"","044732",19,26,"","044747",""
"Lk",231,19,27,"","044748",19,27,"","044766",""
"Lk",232,19,28,"","044767",19,31,"","044830",""
"Lk",233,19,32,"","044831",19,36,"","044889",""
"Lk",234,19,37,"","044890",19,38,"","044933",""
"Lk",235,19,39,"","044934",19,40,"","044959",""
"Lk",236,19,41,"","044960",19,44,"A","045015",""
"Lk",237,19,44,"BC","045016",19,44,"BC","045032",""
"Lk",238,19,45,"","045033",19,46,"","045057",""
"Lk",239,19,47,"","045058",19,48,"","045093",""
"Lk",240,20,1,"","045094",20,8,"","045211",""
"Lk",241,20,9,"","045212",20,18,"","045381",""
"Lk",242,20,19,"","045382",20,19,"","045410",""
"Lk",243,20,20,"","045411",20,39,"","045693",""
"Lk",244,20,40,"","045694",20,40,"","045699",""
"Lk",245,20,41,"","045700",20,44,"","045746",""
"Lk",246,20,45,"","045747",20,46,"","045780",""
"Lk",247,20,47,"","045781",21,4,"","045852",""
"Lk",248,21,5,"","045853",21,6,"","045880",""
"Lk",249,21,7,"","045881",21,11,"","045968",""
"Lk",250,21,12,"","045969",21,13,"","045999",""
"Lk",251,21,14,"","046000",21,19,"","046066",""
"Lk",252,21,20,"","046067",21,20,"","046080",""
"Lk",253,21,21,"","046081",21,22,"","046114",""
"Lk",254,21,23,"A","046115",21,23,"A","046126",""
"Lk",255,21,23,"B","046127",21,23,"B","046138",""
"Lk",256,21,24,"","046139",21,24,"","046159",""
"Lk",257,21,25,"","046160",21,26,"","046196",""
"Lk",258,21,27,"","046197",21,33,"","046292",""
"Lk",259,21,34,"","046293",21,38,"","046380",""
"Lk",260,22,1,"","046381",22,1,"","046389",""
"Lk",261,22,2,"","046390",22,2,"","046404",""
"Lk",262,22,3,"","046405",22,3,"","046418",""
"Lk",263,22,4,"","046419",22,13,"","046544",""
"Lk",264,22,14,"","046545",22,15,"","046571",""
"Lk",265,22,16,"","046572",22,18,"","046620",""
"Lk",266,22,19,"","046621",22,19,"","046644",""
"Lk",267,22,20,"","046645",22,20,"","046666",""
"Lk",268,22,21,"","046667",22,22,"","046696",""
"Lk",269,22,23,"","046697",22,23,"","046712",""
"Lk",270,22,24,"","046713",22,26,"","046759",""
"Lk",271,22,27,"","046760",22,30,"A","046812",""
"Lk",272,22,30,"B","046813",22,30,"B","046822",""
"Lk",273,22,31,"","046823",22,32,"A","046845",""
"Lk",274,22,32,"B","046846",22,32,"B","046853",""
"Lk",275,22,33,"","046854",22,34,"","046884",""
"Lk",276,22,35,"","046885",22,36,"","046926",""
"Lk",277,22,37,"","046927",22,37,"","046949",""
"Lk",278,22,38,"","046950",22,38,"","046963",""
"Lk",279,22,39,"","046964",22,39,"","046980",""
"Lk",280,22,40,"","046981",22,40,"","046992",""
"Lk",281,22,41,"","046993",22,41,"","047005",""
"Lk",282,22,42,"","047006",22,42,"","047024",""
"Lk",283,22,43,"","047025",22,44,"","047050",""
"Lk",284,22,45,"","047051",22,46,"","047077",""
"Lk",285,22,47,"A","047078",22,47,"A","047091",""
"Lk",286,22,47,"B","047092",22,48,"","047108",""
"Lk",287,22,49,"","047109",22,50,"","047138",""
"Lk",288,22,51,"","047139",22,51,"","047152",""
"Lk",289,22,52,"","047153",22,53,"","047201",""
"Lk",290,22,54,"A","047202",22,54,"A","047212",""
"Lk",291,22,54,"B","047213",22,57,"","047257",""
"Lk",292,22,58,"","047258",22,61,"A","047319",""
"Lk",293,22,61,"B","047320",22,62,"","047343",""
"Lk",294,22,63,"","047344",22,65,"","047370",""
"Lk",295,22,66,"","047371",22,67,"A","047398",""
"Lk",296,22,67,"B","047399",22,68,"","047413",""
"Lk",297,22,69,"","047414",22,69,"","047429",""
"Lk",298,22,70,"","047430",22,70,"","047449",""
"Lk",299,22,71,"","047450",22,71,"","047464",""
"Lk",300,23,1,"","047465",23,1,"","047475",""
"Lk",301,23,2,"","047476",23,2,"","047497",""
"Lk",302,23,3,"","047498",23,3,"","047516",""
"Lk",303,23,4,"","047517",23,4,"","047533",""
"Lk",304,23,5,"","047534",23,9,"","047623",""
"Lk",305,23,10,"","047624",23,10,"","047633",""
"Lk",306,23,11,"","047634",23,12,"","047674",""
"Lk",307,23,13,"","047675",23,14,"","047714",""
"Lk",308,23,15,"","047715",23,16,"","047734",""
"Lk",309,23,17,"","047735",23,17,"","047734","Lk 23:17 not in most mss per Nestle-Aland"
"Lk",310,23,18,"","047735",23,19,"","047760",""
"Lk",311,23,20,"","047761",23,21,"","047777",""
"Lk",312,23,22,"","047778",23,22,"","047798",""
"Lk",313,23,23,"","047799",23,23,"","047811",""
"Lk",314,23,24,"","047812",23,25,"","047837",""
"Lk",315,23,26,"","047838",23,26,"","047856",""
"Lk",316,23,27,"","047857",23,31,"","047939",""
"Lk",317,23,32,"","047940",23,32,"","047948",""
"Lk",318,23,33,"A","047949",23,33,"A","047960",""
"Lk",319,23,33,"B","047961",23,33,"B","047971",""
"Lk",320,23,34,"A","047972",23,34,"A","047983",""
"Lk",321,23,34,"B","047984",23,35,"A","047995",""
"Lk",322,23,35,"B","047996",23,35,"B","048014",""
"Lk",323,23,36,"","048015",23,37,"","048035",""
"Lk",324,23,38,"","048036",23,38,"","048046",""
"Lk",325,23,39,"","048047",23,39,"","048063",""
"Lk",326,23,40,"","048064",23,43,"","048119",""
"Lk",327,23,44,"","048120",23,45,"A","048138",""
"Lk",328,23,45,"B","048139",23,45,"B","048145",""
"Lk",329,23,46,"","048146",23,46,"","048164",""
"Lk",330,23,47,"","048165",23,47,"","048180",""
"Lk",331,23,48,"","048181",23,49,"","048214",""
"Lk",332,23,50,"","048215",23,52,"","048256",""
"Lk",333,23,53,"","048257",23,53,"","048273",""
"Lk",334,23,54,"","048274",23,55,"","048300",""
"Lk",335,23,56,"","048301",23,56,"","048314",""
"Lk",336,24,1,"","048315",24,4,"","048363",""
"Lk",337,24,5,"","048364",24,8,"","048422",""
"Lk",338,24,9,"","048423",24,9,"","048436",""
"Lk",339,24,10,"","048437",24,35,"","048881",""
"Lk",340,24,36,"","048882",24,40,"","048955",""
"Lk",341,24,41,"","048956",24,43,"","048982",""
"Lk",342,24,44,"","048983",24,53,"","049132",""
"Jn",1,1,1,"","049133",1,5,"","049193",""
"Jn",2,1,6,"","049194",1,8,"","049226",""
"Jn",3,1,9,"","049227",1,10,"","049255",""
"Jn",4,1,11,"","049256",1,13,"","049297",""
"Jn",5,1,14,"","049298",1,14,"","049320",""
"Jn",6,1,15,"","049321",1,15,"","049342",""
"Jn",7,1,16,"","049343",1,17,"","049369",""
"Jn",8,1,18,"","049370",1,18,"","049384",""
"Jn",9,1,19,"","049385",1,22,"","049455",""
"Jn",10,1,23,"","049456",1,23,"","049471",""
"Jn",11,1,24,"","049472",1,25,"","049497",""
"Jn",12,1,26,"","049498",1,27,"","049529",""
"Jn",13,1,28,"","049530",1,29,"","049562",""
"Jn",14,1,30,"","049563",1,31,"","049596",""
"Jn",15,1,32,"","049597",1,34,"","049656",""
"Jn",16,1,35,"","049657",1,40,"","049752",""
"Jn",17,1,41,"","049753",1,42,"","049792",""
"Jn",18,1,43,"","049793",2,11,"","050146",""
"Jn",19,2,12,"","050147",2,12,"","050170",""
"Jn",20,2,13,"","050171",2,13,"","050183",""
"Jn",21,2,14,"","050184",2,16,"","050243",""
"Jn",22,2,17,"","050244",2,17,"","050257",""
"Jn",23,2,18,"","050258",2,18,"","050271",""
"Jn",24,2,19,"","050272",3,22,"","050807",""
"Jn",25,3,23,"","050808",3,23,"","050827",""
"Jn",26,3,24,"","050828",3,24,"","050836",""
"Jn",27,3,25,"","050837",3,27,"","050892",""
"Jn",28,3,28,"","050893",3,28,"","050910",""
"Jn",29,3,29,"","050911",3,34,"","051014",""
"Jn",30,3,35,"","051015",3,35,"","051026",""
"Jn",31,3,36,"","051027",4,2,"","051077",""
"Jn",32,4,3,"","051078",4,3,"","051086",""
"Jn",33,4,4,"","051087",4,42,"","051763",""
"Jn",34,4,43,"","051764",4,43,"","051773",""
"Jn",35,4,44,"","051774",4,44,"","051786",""
"Jn",36,4,45,"","051787",4,46,"A","051825",""
"Jn",37,4,46,"B","051826",4,54,"","051987",""
"Jn",38,5,1,"","051988",5,10,"","052128","Jn 5:3B-4 not in most mss per Nestle-Aland"
"Jn",39,5,11,"","052129",5,23,"A","052360",""
"Jn",40,5,23,"B","052361",5,23,"B","052372",""
"Jn",41,5,24,"","052373",5,30,"A","052505",""
"Jn",42,5,30,"B","052506",5,30,"B","052518",""
"Jn",43,5,31,"","052519",5,37,"A","052627",""
"Jn",44,5,37,"B","052628",5,37,"B","052636",""
"Jn",45,5,38,"","052637",5,47,"","052779",""
"Jn",46,6,1,"","052780",6,2,"","052805",""
"Jn",47,6,3,"","052806",6,3,"","052818",""
"Jn",48,6,4,"","052819",6,4,"","052827",""
"Jn",49,6,5,"","052828",6,13,"","052977",""
"Jn",50,6,14,"","052978",6,15,"A","053008",""
"Jn",51,6,15,"B","053009",6,21,"","053102",""
"Jn",52,6,22,"","053103",6,29,"","053274",""
"Jn",53,6,30,"","053275",6,30,"","053289",""
"Jn",54,6,31,"","053290",6,34,"","053366",""
"Jn",55,6,35,"A","053367",6,35,"A","053376",""
"Jn",56,6,35,"B","053377",6,37,"","053420",""
"Jn",57,6,38,"","053421",6,38,"","053438",""
"Jn",58,6,39,"","053439",6,40,"","053491",""
"Jn",59,6,41,"","053492",6,42,"","053533",""
"Jn",60,6,43,"","053534",6,45,"","053584",""
"Jn",61,6,46,"","053585",6,46,"","053601",""
"Jn",62,6,47,"","053602",6,47,"","053610",""
"Jn",63,6,48,"","053611",6,48,"","053616",""
"Jn",64,6,49,"","053617",6,50,"","053644",""
"Jn",65,6,51,"","053645",6,51,"","053682",""
"Jn",66,6,52,"","053683",6,54,"","053745",""
"Jn",67,6,55,"","053746",6,55,"","053759",""
"Jn",68,6,56,"","053760",6,61,"","053860",""
"Jn",69,6,62,"","053861",6,62,"","053872",""
"Jn",70,6,63,"A","053873",6,63,"A","053882",""
"Jn",71,6,63,"B","053883",6,64,"A","053901",""
"Jn",72,6,64,"B","053902",6,64,"B","053918",""
"Jn",73,6,65,"","053919",6,67,"","053965",""
"Jn",74,6,68,"","053966",6,69,"","053989",""
"Jn",75,6,70,"","053990",7,27,"","054454",""
"Jn",76,7,28,"","054455",7,29,"","054495",""
"Jn",77,7,30,"","054496",7,30,"","054512",""
"Jn",78,7,31,"","054513",7,32,"A","054542",""
"Jn",79,7,32,"B","054543",7,32,"B","054553",""
"Jn",80,7,33,"","054554",7,33,"","054569",""
"Jn",81,7,34,"","054570",7,39,"","054691",""
"Jn",82,7,40,"","054692",7,41,"A","054711",""
"Jn",83,7,41,"B","054712",7,42,"","054742",""
"Jn",84,7,43,"","054743",7,43,"","054750",""
"Jn",85,7,44,"","054751",7,44,"","054764",""
"Jn",86,7,45,"","054765",8,19,"A","055184",""
"Jn",87,8,19,"B","055185",8,19,"B","055202",""
"Jn",88,8,20,"","055203",8,20,"","055223",""
"Jn",89,8,21,"","055224",10,14,"","056885",""
"Jn",90,10,15,"A","056886",10,15,"A","056894",""
"Jn",91,10,15,"B","056895",10,15,"B","056902",""
"Jn",92,10,16,"","056903",10,38,"","057280",""
"Jn",93,10,39,"","057281",10,40,"","057309",""
"Jn",94,10,41,"","057310",11,52,"","058185",""
"Jn",95,11,53,"","058186",11,54,"","058221",""
"Jn",96,11,55,"A","058222",11,55,"A","058228",""
"Jn",97,11,55,"B","058229",12,1,"","058301",""
"Jn",98,12,2,"","058302",12,8,"","058425","Jn 98 linked to canon I and canon IV"
"Jn",99,12,9,"","058426",12,11,"","058474",""
"Jn",100,12,12,"","058475",12,13,"","058515",""
"Jn",101,12,14,"","058516",12,15,"","058539",""
"Jn",102,12,16,"","058540",12,22,"","058659",""
"Jn",103,12,23,"","058660",12,23,"","058674",""
"Jn",104,12,24,"","058675",12,24,"","058698",""
"Jn",105,12,25,"","058699",12,25,"","058720",""
"Jn",106,12,26,"A","058721",12,26,"A","058737",""
"Jn",107,12,26,"B","058738",12,27,"A","058760",""
"Jn",108,12,27,"B","058761",12,38,"","058965",""
"Jn",109,12,39,"","058966",12,40,"","058997",""
"Jn",110,12,41,"","058998",12,43,"","059041",""
"Jn",111,12,44,"","059042",12,45,"","059067",""
"Jn",112,12,46,"","059068",13,1,"","059208",""
"Jn",113,13,2,"","059209",13,2,"","059224",""
"Jn",114,13,3,"A","059225",13,3,"A","059234",""
"Jn",115,13,3,"B","059235",13,12,"","059405",""
"Jn",116,13,13,"","059406",13,13,"","059418",""
"Jn",117,13,14,"","059419",13,15,"","059449",""
"Jn",118,13,16,"","059450",13,17,"","059474",""
"Jn",119,13,18,"","059475",13,19,"","059513",""
"Jn",120,13,20,"","059514",13,20,"","059532",""
"Jn",121,13,21,"","059533",13,21,"","059553",""
"Jn",122,13,22,"","059554",13,22,"","059562",""
"Jn",123,13,23,"","059563",13,26,"A","059617",""
"Jn",124,13,26,"B","059618",13,27,"A","059637",""
"Jn",125,13,27,"B","059638",13,35,"","059779",""
"Jn",126,13,36,"","059780",13,38,"","059838",""
"Jn",127,14,1,"","059839",14,12,"","060067",""
"Jn",128,14,13,"","060068",14,21,"A","060203",""
"Jn",129,14,21,"B","060204",14,21,"B","060219",""
"Jn",130,14,22,"","060220",14,24,"A","060275",""
"Jn",131,14,24,"B","060276",14,25,"","060294",""
"Jn",132,14,26,"","060295",15,6,"","060537",""
"Jn",133,15,7,"","060538",15,7,"","060555",""
"Jn",134,15,8,"","060556",15,12,"","060635",""
"Jn",135,15,13,"","060636",15,13,"","060650",""
"Jn",136,15,14,"","060651",15,16,"A","060710",""
"Jn",137,15,16,"B","060711",15,16,"B","060723",""
"Jn",138,15,17,"","060724",15,19,"","060771",""
"Jn",139,15,20,"A","060772",15,20,"A","060785",""
"Jn",140,15,20,"B","060786",15,20,"B","060800",""
"Jn",141,15,21,"A","060801",15,21,"A","060810",""
"Jn",142,15,21,"B","060811",15,21,"B","060816",""
"Jn",143,15,22,"","060817",15,22,"","060834",""
"Jn",144,15,23,"","060835",15,23,"","060842",""
"Jn",145,15,24,"","060843",16,2,"A","060926",""
"Jn",146,16,2,"B","060927",16,4,"A","060965",""
"Jn",147,16,4,"B","060966",16,14,"","061123",""
"Jn",148,16,15,"A","061124",16,15,"A","061130",""
"Jn",149,16,15,"B","061131",16,23,"A","061308",""
"Jn",150,16,23,"B","061309",16,24,"","061341",""
"Jn",151,16,25,"","061342",16,30,"","061450",""
"Jn",152,16,31,"","061451",16,32,"","061479",""
"Jn",153,16,33,"","061480",17,24,"","061957",""
"Jn",154,17,25,"A","061958",17,25,"A","061969",""
"Jn",155,17,25,"B","061970",17,26,"","061996",""
"Jn",156,18,1,"","061997",18,1,"","062020",""
"Jn",157,18,2,"","062021",18,2,"","062038",""
"Jn",158,18,3,"","062039",18,3,"","062061",""
"Jn",159,18,4,"","062062",18,9,"","062147",""
"Jn",160,18,10,"","062148",18,11,"AB","062185",""
"Jn",161,18,11,"C","062186",18,11,"C","062196",""
"Jn",162,18,12,"","062197",18,12,"","062213",""
"Jn",163,18,13,"","062214",18,14,"","062244",""
"Jn",164,18,15,"A","062245",18,15,"A","062253",""
"Jn",165,18,15,"B","062254",18,15,"B","062270",""
"Jn",166,18,16,"A","062271",18,16,"A","062278",""
"Jn",167,18,16,"B","062279",18,16,"B","062296",""
"Jn",168,18,17,"","062297",18,17,"","062318",""
"Jn",169,18,18,"","062319",18,19,"","062357",""
"Jn",170,18,20,"","062358",18,20,"","062384",""
"Jn",171,18,21,"","062385",18,21,"","062399",""
"Jn",172,18,22,"","062400",18,22,"","062416",""
"Jn",173,18,23,"","062417",18,23,"","062432",""
"Jn",174,18,24,"","062433",18,24,"","062442",""
"Jn",175,18,25,"","062443",18,27,"","062497",""
"Jn",176,18,28,"AB","062498",18,28,"AB","062510",""
"Jn",177,18,28,"C","062511",18,32,"","062592",""
"Jn",178,18,33,"","062593",18,33,"","062613",""
"Jn",179,18,34,"","062614",18,36,"","062687",""
"Jn",180,18,37,"A","062688",18,37,"A","062704",""
"Jn",181,18,37,"B","062705",18,38,"A","062736",""
"Jn",182,18,38,"B","062737",18,38,"B","062753",""
"Jn",183,18,39,"","062754",18,39,"","062772",""
"Jn",184,18,40,"","062773",18,40,"","062786",""
"Jn",185,19,1,"","062787",19,3,"","062826",""
"Jn",186,19,4,"","062827",19,4,"","062848",""
"Jn",187,19,5,"","062849",19,5,"","062867",""
"Jn",188,19,6,"A","062868",19,6,"A","062880",""
"Jn",189,19,6,"BC","062881",19,6,"BC","062889",""
"Jn",190,19,6,"D","062890",19,6,"D","062896",""
"Jn",191,19,7,"","062897",19,7,"","062914",""
"Jn",192,19,8,"","062915",19,9,"","062944",""
"Jn",193,19,10,"","062945",19,14,"","063055",""
"Jn",194,19,15,"A","063056",19,15,"A","063062",""
"Jn",195,19,15,"B","063063",19,15,"B","063079",""
"Jn",196,19,16,"","063080",19,16,"","063090",""
"Jn",197,19,17,"","063091",19,18,"A","063108",""
"Jn",198,19,18,"B","063109",19,18,"B","063120",""
"Jn",199,19,19,"","063121",19,19,"","063141",""
"Jn",200,19,20,"","063142",19,22,"","063194",""
"Jn",201,19,23,"","063195",19,24,"B","063257",""
"Jn",202,19,24,"C","063258",19,27,"","063326","Jn 19:24C in most texts is in Jn 19:25 in NRSV"
"Jn",203,19,28,"","063327",19,30,"A","063365",""
"Jn",204,19,30,"B","063366",19,30,"B","063372",""
"Jn",205,19,31,"","063373",19,37,"","063494",""
"Jn",206,19,38,"","063495",19,38,"","063532",""
"Jn",207,19,39,"","063533",19,39,"","063551",""
"Jn",208,19,40,"","063552",19,42,"","063605",""
"Jn",209,20,1,"","063606",20,1,"","063629",""
"Jn",210,20,2,"","063630",20,10,"","063773",""
"Jn",211,20,11,"","063774",20,12,"","063810",""
"Jn",212,20,13,"","063811",20,18,"","063939",""
"Jn",213,20,19,"","063940",20,20,"A","063984",""
"Jn",214,20,20,"B","063985",20,22,"","064017",""
"Jn",215,20,23,"","064018",20,23,"","064028",""
"Jn",216,20,24,"","064029",20,25,"","064090",""
"Jn",217,20,26,"","064091",20,27,"","064150",""
"Jn",218,20,28,"","064151",20,31,"","064220",""
"Jn",219,21,1,"","064221",21,6,"","064347",""
"Jn",220,21,7,"","064348",21,8,"","064405",""
"Jn",221,21,9,"","064406",21,10,"","064430",""
"Jn",222,21,11,"","064431",21,11,"","064454",""
"Jn",223,21,12,"A","064455",21,12,"A","064460",""
"Jn",224,21,12,"B","064461",21,12,"B","064475",""
"Jn",225,21,13,"","064476",21,13,"","064488",""
"Jn",226,21,14,"","064489",21,15,"AB","064522",""
"Jn",227,21,15,"C","064523",21,15,"C","064528",""
"Jn",228,21,16,"AB","064529",21,16,"AB","064545",""
"Jn",229,21,16,"C","064546",21,16,"C","064551",""
"Jn",230,21,17,"AB","064552",21,17,"AB","064581",""
"Jn",231,21,17,"C","064582",21,17,"C","064589",""
"Jn",232,21,18,"","064590",21,25,"","064767",""
